[{"model": "budget.expcategory", "pk": 0, "fields": {"name": "Uncategorized", "colour": "#222222"}}, {"model": "budget.expcategory", "pk": 1, "fields": {"name": "Food", "colour": "#9A009A"}}, {"model": "budget.expcategory", "pk": 2, "fields": {"name": "Activities", "colour": "#CC0000"}}, {"model": "budget.expcategory", "pk": 3, "fields": {"name": "Groceries", "colour": "#006700"}}, {"model": "budget.expcategory", "pk": 4, "fields": {"name": "Transportation", "colour": "#b2b2b2"}}, {"model": "budget.expcategory", "pk": 5, "fields": {"name": "Softball", "colour": "#e69500"}}, {"model": "budget.expcategory", "pk": 6, "fields": {"name": "Sports", "colour": "#ffa500"}}, {"model": "budget.expcategory", "pk": 7, "fields": {"name": "Travels", "colour": "#e6e600"}}, {"model": "budget.expcategory", "pk": 8, "fields": {"name": "Equipment", "colour": "#6666ff"}}, {"model": "budget.expcategory", "pk": 9, "fields": {"name": "Car Repair", "colour": "#b2b2ff"}}, {"model": "budget.expcategory", "pk": 10, "fields": {"name": "Gym Memberships", "colour": "#e59400"}}, {"model": "budget.expcategory", "pk": 11, "fields": {"name": "Personal", "colour": "#660066"}}, {"model": "budget.expcategory", "pk": 12, "fields": {"name": "Health", "colour": "#ff004d"}}, {"model": "budget.expcategory", "pk": 13, "fields": {"name": "Subscriptions", "colour": "#8484bd"}}, {"model": "budget.expcategory", "pk": 14, "fields": {"name": "Insurance", "colour": "#66b26f"}}, {"model": "budget.expcategory", "pk": 15, "fields": {"name": "Rent", "colour": "#329966"}}, {"model": "budget.revcategory", "pk": 0, "fields": {"name": "Uncategorized", "colour": "#222222"}}, {"model": "budget.revcategory", "pk": 1, "fields": {"name": "Pay Stub", "colour": "#323499"}}, {"model": "budget.revcategory", "pk": 2, "fields": {"name": "Insurance Claims", "colour": "#66b26f"}}, {"model": "budget.revcategory", "pk": 3, "fields": {"name": "Owe Me (Debit)", "colour": "#934c93"}}, {"model": "budget.revcategory", "pk": 4, "fields": {"name": "Owe Me (Cash)", "colour": "#b27fb2"}}, {"model": "budget.revcategory", "pk": 5, "fields": {"name": "Refund (Debit)", "colour": "#6666ff"}}, {"model": "budget.revcategory", "pk": 6, "fields": {"name": "Deposit", "colour": "#b20035"}}, {"model": "budget.revcategory", "pk": 7, "fields": {"name": "Withdrawal", "colour": "#00ffb2"}}, {"model": "budget.lineitem", "pk": 1, "fields": {"name": "McDonalds", "category": 1, "date_stamp": "2020-01-31", "amount": "12.40"}}, {"model": "budget.lineitem", "pk": 2, "fields": {"name": "Gateway Entertainment - Pool", "category": 2, "date_stamp": "2020-02-02", "amount": "11.50"}}, {"model": "budget.creditcard", "pk": 3, "fields": {"nickname": "RBC Avion", "colour": "#005daa", "balance": "456.09"}}, {"model": "budget.creditcard", "pk": 4, "fields": {"nickname": "TangoCC", "colour": "#f28500", "balance": "962.07"}}, {"model": "budget.creditcard", "pk": 5, "fields": {"nickname": "TD Aeroplan Inf", "colour": "#35B234", "balance": "527.73"}}, {"model": "budget.creditcard", "pk": 6, "fields": {"nickname": "CIBC Aventura", "colour": "#B00B1C", "balance": "396.11"}}, {"model": "budget.bankaccount", "pk": 1, "fields": {"nickname": "Cash", "bank_name": null, "account_type": "cash", "balance": "2364.75", "colour": "#660066"}}, {"model": "budget.bankaccount", "pk": 2, "fields": {"nickname": "TangoCheq", "bank_name": "Tangerine", "account_type": "chequing", "balance": "1458.80", "colour": "#f28500"}}, {"model": "budget.bankaccount", "pk": 3, "fields": {"nickname": "RBCCheq", "bank_name": "RBC", "account_type": "chequing", "balance": "21700.89", "colour": "#005daa"}}, {"model": "budget.bankaccount", "pk": 4, "fields": {"nickname": "CIBC Cheq", "bank_name": "CIBC", "account_type": "chequing", "balance": "15000.00", "colour": "#B00B1C"}}, {"model": "budget.bankaccount", "pk": 5, "fields": {"nickname": "TD Savings", "bank_name": "TD", "account_type": "savings", "balance": "9650.00", "colour": "#35b234"}}, {"model": "budget.expenselineitem", "pk": 1, "fields": {"name": "McDonalds", "category": 1, "pay_type": "credit", "card_name": 3, "bank_account": null, "date_stamp": "2020-01-31", "amount": "12.40"}}, {"model": "budget.expenselineitem", "pk": 2, "fields": {"name": "Jan 2020 Rent", "category": 15, "pay_type": "debit", "card_name": null, "bank_account": null, "date_stamp": "2020-01-06", "amount": "450.00"}}, {"model": "budget.expenselineitem", "pk": 3, "fields": {"name": "Auto Insurance", "category": 14, "pay_type": "credit", "card_name": 3, "bank_account": null, "date_stamp": "2020-01-27", "amount": "219.90"}}, {"model": "budget.expenselineitem", "pk": 4, "fields": {"name": "Economist", "category": 13, "pay_type": "credit", "card_name": 3, "bank_account": null, "date_stamp": "2020-01-24", "amount": "84.75"}}, {"model": "budget.expenselineitem", "pk": 5, "fields": {"name": "Dentist", "category": 12, "pay_type": "credit", "card_name": 3, "bank_account": null, "date_stamp": "2020-01-02", "amount": "110.00"}}, {"model": "budget.expenselineitem", "pk": 6, "fields": {"name": "Telus Mobile", "category": 11, "pay_type": "credit", "card_name": 3, "bank_account": null, "date_stamp": "2020-01-20", "amount": "59.26"}}, {"model": "budget.expenselineitem", "pk": 7, "fields": {"name": "Kinsmen Sports Centre", "category": 10, "pay_type": "credit", "card_name": 3, "bank_account": null, "date_stamp": "2020-02-04", "amount": "63.04"}}, {"model": "budget.expenselineitem", "pk": 8, "fields": {"name": "Midas", "category": 9, "pay_type": "credit", "card_name": 3, "bank_account": null, "date_stamp": "2020-01-28", "amount": "156.45"}}, {"model": "budget.expenselineitem", "pk": 9, "fields": {"name": "Memory Express", "category": 8, "pay_type": "credit", "card_name": 3, "bank_account": null, "date_stamp": "2020-02-04", "amount": "41.99"}}, {"model": "budget.expenselineitem", "pk": 10, "fields": {"name": "Airbnb", "category": 7, "pay_type": "credit", "card_name": 3, "bank_account": null, "date_stamp": "2020-02-01", "amount": "1165.73"}}, {"model": "budget.expenselineitem", "pk": 11, "fields": {"name": "Badminton", "category": 6, "pay_type": "cash", "card_name": null, "bank_account": null, "date_stamp": "2020-01-23", "amount": "6.00"}}, {"model": "budget.expenselineitem", "pk": 12, "fields": {"name": "Batting Cage", "category": 5, "pay_type": "cash", "card_name": null, "bank_account": null, "date_stamp": "2020-02-02", "amount": "31.50"}}, {"model": "budget.expenselineitem", "pk": 13, "fields": {"name": "Feb Rent 2020", "category": 15, "pay_type": "debit", "card_name": null, "bank_account": 2, "date_stamp": "2020-02-01", "amount": "450.00"}}, {"model": "budget.expenselineitem", "pk": 14, "fields": {"name": "food", "category": 1, "pay_type": "cash", "card_name": null, "bank_account": null, "date_stamp": "2020-02-09", "amount": "10.00"}}, {"model": "budget.expenselineitem", "pk": 15, "fields": {"name": "Economist", "category": 13, "pay_type": "credit", "card_name": 4, "bank_account": null, "date_stamp": "2020-02-09", "amount": "84.51"}}, {"model": "budget.expenselineitem", "pk": 16, "fields": {"name": "food", "category": 1, "pay_type": "credit", "card_name": 5, "bank_account": null, "date_stamp": "2020-02-10", "amount": "12.50"}}, {"model": "budget.expenselineitem", "pk": 17, "fields": {"name": "food", "category": 1, "pay_type": "credit", "card_name": 5, "bank_account": null, "date_stamp": "2020-01-10", "amount": "11.74"}}, {"model": "budget.expenselineitem", "pk": 18, "fields": {"name": "food", "category": 1, "pay_type": "credit", "card_name": 5, "bank_account": null, "date_stamp": "2020-01-03", "amount": "25.98"}}, {"model": "budget.expenselineitem", "pk": 19, "fields": {"name": "new chair", "category": 8, "pay_type": "credit", "card_name": 5, "bank_account": null, "date_stamp": "2020-01-11", "amount": "78.45"}}, {"model": "budget.expenselineitem", "pk": 20, "fields": {"name": "badminton", "category": 6, "pay_type": "credit", "card_name": 5, "bank_account": null, "date_stamp": "2020-01-22", "amount": "12.00"}}, {"model": "budget.expenselineitem", "pk": 21, "fields": {"name": "batting cage", "category": 5, "pay_type": "credit", "card_name": 5, "bank_account": null, "date_stamp": "2020-01-24", "amount": "31.50"}}, {"model": "budget.expenselineitem", "pk": 22, "fields": {"name": "midas", "category": 9, "pay_type": "credit", "card_name": 5, "bank_account": null, "date_stamp": "2020-01-24", "amount": "42.00"}}, {"model": "budget.expenselineitem", "pk": 23, "fields": {"name": "Kinsmen", "category": 10, "pay_type": "credit", "card_name": 3, "bank_account": null, "date_stamp": "2020-02-09", "amount": "56.35"}}, {"model": "budget.expenselineitem", "pk": 24, "fields": {"name": "Telus Mobile", "category": 11, "pay_type": "credit", "card_name": 3, "bank_account": null, "date_stamp": "2020-02-12", "amount": "58.80"}}, {"model": "budget.expenselineitem", "pk": 25, "fields": {"name": "Dentist", "category": 12, "pay_type": "credit", "card_name": 3, "bank_account": null, "date_stamp": "2020-02-12", "amount": "110.00"}}, {"model": "budget.expenselineitem", "pk": 26, "fields": {"name": "Physio", "category": 12, "pay_type": "credit", "card_name": 3, "bank_account": null, "date_stamp": "2020-02-10", "amount": "97.25"}}, {"model": "budget.expenselineitem", "pk": 27, "fields": {"name": "Rent", "category": 15, "pay_type": "credit", "card_name": 4, "bank_account": null, "date_stamp": "2020-02-10", "amount": "450.00"}}, {"model": "budget.expenselineitem", "pk": 28, "fields": {"name": "Suitcase", "category": 8, "pay_type": "credit", "card_name": 4, "bank_account": null, "date_stamp": "2020-02-11", "amount": "125.99"}}, {"model": "budget.expenselineitem", "pk": 29, "fields": {"name": "Flight", "category": 7, "pay_type": "credit", "card_name": 6, "bank_account": null, "date_stamp": "2020-02-08", "amount": "268.77"}}, {"model": "budget.expenselineitem", "pk": 30, "fields": {"name": "Flight", "category": 7, "pay_type": "credit", "card_name": 6, "bank_account": null, "date_stamp": "2020-02-07", "amount": "127.34"}}, {"model": "budget.expenselineitem", "pk": 31, "fields": {"name": "Rental Car", "category": 7, "pay_type": "credit", "card_name": 3, "bank_account": null, "date_stamp": "2020-02-07", "amount": "57.44"}}, {"model": "budget.expenselineitem", "pk": 32, "fields": {"name": "Airbnb", "category": 7, "pay_type": "credit", "card_name": 3, "bank_account": null, "date_stamp": "2020-02-08", "amount": "655.24"}}, {"model": "budget.expenselineitem", "pk": 33, "fields": {"name": "Ski Pass", "category": 6, "pay_type": "credit", "card_name": 5, "bank_account": null, "date_stamp": "2020-02-08", "amount": "235.66"}}, {"model": "budget.expenselineitem", "pk": 34, "fields": {"name": "T&T", "category": 3, "pay_type": "credit", "card_name": 5, "bank_account": null, "date_stamp": "2020-01-31", "amount": "127.22"}}, {"model": "budget.expenselineitem", "pk": 35, "fields": {"name": "T&T", "category": 3, "pay_type": "credit", "card_name": 3, "bank_account": null, "date_stamp": "2020-01-30", "amount": "77.89"}}, {"model": "budget.expenselineitem", "pk": 36, "fields": {"name": "T&T", "category": 3, "pay_type": "credit", "card_name": 4, "bank_account": null, "date_stamp": "2020-02-06", "amount": "89.77"}}, {"model": "budget.expenselineitem", "pk": 37, "fields": {"name": "T&T", "category": 3, "pay_type": "credit", "card_name": 5, "bank_account": null, "date_stamp": "2020-02-05", "amount": "133.56"}}, {"model": "budget.expenselineitem", "pk": 38, "fields": {"name": "HMart", "category": 3, "pay_type": "credit", "card_name": 5, "bank_account": null, "date_stamp": "2020-02-07", "amount": "33.56"}}, {"model": "budget.expenselineitem", "pk": 39, "fields": {"name": "IKEA", "category": 8, "pay_type": "credit", "card_name": 5, "bank_account": null, "date_stamp": "2020-01-27", "amount": "133.56"}}, {"model": "budget.expenselineitem", "pk": 40, "fields": {"name": "IKEA", "category": 8, "pay_type": "credit", "card_name": 3, "bank_account": null, "date_stamp": "2020-01-23", "amount": "200.25"}}, {"model": "budget.expenselineitem", "pk": 41, "fields": {"name": "IKEA", "category": 8, "pay_type": "credit", "card_name": 4, "bank_account": null, "date_stamp": "2020-01-25", "amount": "134.55"}}, {"model": "budget.expenselineitem", "pk": 42, "fields": {"name": "Canadian Tire", "category": 8, "pay_type": "credit", "card_name": 4, "bank_account": null, "date_stamp": "2020-01-26", "amount": "77.25"}}, {"model": "budget.expenselineitem", "pk": 43, "fields": {"name": "Tim Hortons", "category": 1, "pay_type": "credit", "card_name": 3, "bank_account": null, "date_stamp": "2020-01-27", "amount": "13.55"}}, {"model": "budget.expenselineitem", "pk": 44, "fields": {"name": "Tim Hortons", "category": 1, "pay_type": "credit", "card_name": 3, "bank_account": null, "date_stamp": "2020-01-29", "amount": "9.74"}}, {"model": "budget.expenselineitem", "pk": 45, "fields": {"name": "Tim Hortons", "category": 1, "pay_type": "credit", "card_name": 3, "bank_account": null, "date_stamp": "2020-02-12", "amount": "7.18"}}, {"model": "budget.expenselineitem", "pk": 46, "fields": {"name": "McDonalds", "category": 1, "pay_type": "credit", "card_name": 3, "bank_account": null, "date_stamp": "2020-02-18", "amount": "12.40"}}, {"model": "budget.revenuelineitem", "pk": 1, "fields": {"name": "Jan 30 Pay", "category": 1, "cash_debit": "debit", "bank_account": 3, "date_stamp": "2020-01-30", "amount": "1005.73"}}, {"model": "budget.revenuelineitem", "pk": 2, "fields": {"name": "Withdraw", "category": 7, "cash_debit": "debit", "bank_account": 3, "date_stamp": "2020-01-30", "amount": "100.00"}}, {"model": "budget.revenuelineitem", "pk": 3, "fields": {"name": "Insurance Claim", "category": 2, "cash_debit": "debit", "bank_account": 2, "date_stamp": "2020-01-31", "amount": "320.00"}}, {"model": "budget.revenuelineitem", "pk": 4, "fields": {"name": "Jan 23 Pay", "category": 1, "cash_debit": "debit", "bank_account": 3, "date_stamp": "2020-01-23", "amount": "1550.73"}}, {"model": "budget.revenuelineitem", "pk": 5, "fields": {"name": "Jan 28 Withdraw", "category": 7, "cash_debit": "cash", "bank_account": 3, "date_stamp": "2020-01-28", "amount": "100.00"}}, {"model": "budget.revenuelineitem", "pk": 6, "fields": {"name": "Feb 8 Deposit", "category": 6, "cash_debit": "debit", "bank_account": 3, "date_stamp": "2020-02-08", "amount": "500.00"}}, {"model": "budget.revenuelineitem", "pk": 7, "fields": {"name": "Jan 9 Pay", "category": 1, "cash_debit": "debit", "bank_account": 3, "date_stamp": "2020-01-09", "amount": "1776.52"}}, {"model": "budget.revenuelineitem", "pk": 8, "fields": {"name": "Jan 10 Refund", "category": 5, "cash_debit": "debit", "bank_account": 2, "date_stamp": "2020-01-10", "amount": "200.00"}}, {"model": "budget.revenuelineitem", "pk": 9, "fields": {"name": "Baddy Jan 23", "category": 4, "cash_debit": "cash", "bank_account": 1, "date_stamp": "2020-01-23", "amount": "35.00"}}, {"model": "budget.revenuelineitem", "pk": 10, "fields": {"name": "withdraw", "category": 7, "cash_debit": "cash", "bank_account": 3, "date_stamp": "2020-02-09", "amount": "100.00"}}, {"model": "budget.revenuelineitem", "pk": 11, "fields": {"name": "deposit", "category": 6, "cash_debit": "debit", "bank_account": 3, "date_stamp": "2020-02-10", "amount": "250.00"}}, {"model": "budget.revenuelineitem", "pk": 12, "fields": {"name": "owe me", "category": 4, "cash_debit": "cash", "bank_account": 1, "date_stamp": "2020-02-12", "amount": "2500.00"}}, {"model": "budget.banklineitem", "pk": 1, "fields": {"amount": "1550.73", "from_transaction": null, "to_transaction": 3, "date_stamp": "2020-01-23"}}, {"model": "budget.banklineitem", "pk": 2, "fields": {"amount": "100.00", "from_transaction": 3, "to_transaction": 1, "date_stamp": "2020-01-28"}}, {"model": "budget.banklineitem", "pk": 3, "fields": {"amount": "500.00", "from_transaction": 1, "to_transaction": 3, "date_stamp": "2020-02-08"}}, {"model": "budget.banklineitem", "pk": 4, "fields": {"amount": "1776.52", "from_transaction": null, "to_transaction": 3, "date_stamp": "2020-01-09"}}, {"model": "budget.banklineitem", "pk": 5, "fields": {"amount": "200.00", "from_transaction": null, "to_transaction": 2, "date_stamp": "2020-01-10"}}, {"model": "budget.banklineitem", "pk": 6, "fields": {"amount": "35.00", "from_transaction": null, "to_transaction": 1, "date_stamp": "2020-01-23"}}, {"model": "budget.banklineitem", "pk": 7, "fields": {"amount": "450.00", "from_transaction": null, "to_transaction": 2, "date_stamp": "2020-02-01"}}, {"model": "budget.banklineitem", "pk": 8, "fields": {"amount": "10.00", "from_transaction": null, "to_transaction": 1, "date_stamp": "2020-02-09"}}, {"model": "budget.banklineitem", "pk": 9, "fields": {"amount": "100.00", "from_transaction": 3, "to_transaction": 1, "date_stamp": "2020-02-09"}}, {"model": "budget.banklineitem", "pk": 10, "fields": {"amount": "250.00", "from_transaction": 1, "to_transaction": 3, "date_stamp": "2020-02-10"}}, {"model": "budget.banklineitem", "pk": 11, "fields": {"amount": "2500.00", "from_transaction": null, "to_transaction": 1, "date_stamp": "2020-02-12"}}, {"model": "budget.creditcardlineitem", "pk": 1, "fields": {"amount": "84.51", "to_credit_card": 4, "date_stamp": "2020-02-09"}}, {"model": "budget.creditcardlineitem", "pk": 2, "fields": {"amount": "12.50", "to_credit_card": 5, "date_stamp": "2020-02-10"}}, {"model": "budget.creditcardlineitem", "pk": 3, "fields": {"amount": "11.74", "to_credit_card": 5, "date_stamp": "2020-01-10"}}, {"model": "budget.creditcardlineitem", "pk": 4, "fields": {"amount": "25.98", "to_credit_card": 5, "date_stamp": "2020-01-03"}}, {"model": "budget.creditcardlineitem", "pk": 5, "fields": {"amount": "78.45", "to_credit_card": 5, "date_stamp": "2020-01-11"}}, {"model": "budget.creditcardlineitem", "pk": 6, "fields": {"amount": "12.00", "to_credit_card": 5, "date_stamp": "2020-01-22"}}, {"model": "budget.creditcardlineitem", "pk": 7, "fields": {"amount": "31.50", "to_credit_card": 5, "date_stamp": "2020-01-24"}}, {"model": "budget.creditcardlineitem", "pk": 8, "fields": {"amount": "42.00", "to_credit_card": 5, "date_stamp": "2020-01-24"}}, {"model": "budget.creditcardlineitem", "pk": 9, "fields": {"amount": "56.35", "to_credit_card": 3, "date_stamp": "2020-02-09"}}, {"model": "budget.creditcardlineitem", "pk": 10, "fields": {"amount": "58.80", "to_credit_card": 3, "date_stamp": "2020-02-12"}}, {"model": "budget.creditcardlineitem", "pk": 11, "fields": {"amount": "110.00", "to_credit_card": 3, "date_stamp": "2020-02-12"}}, {"model": "budget.creditcardlineitem", "pk": 12, "fields": {"amount": "97.25", "to_credit_card": 3, "date_stamp": "2020-02-10"}}, {"model": "budget.creditcardlineitem", "pk": 13, "fields": {"amount": "450.00", "to_credit_card": 4, "date_stamp": "2020-02-10"}}, {"model": "budget.creditcardlineitem", "pk": 14, "fields": {"amount": "125.99", "to_credit_card": 4, "date_stamp": "2020-02-11"}}, {"model": "budget.creditcardlineitem", "pk": 15, "fields": {"amount": "268.77", "to_credit_card": 6, "date_stamp": "2020-02-08"}}, {"model": "budget.creditcardlineitem", "pk": 16, "fields": {"amount": "127.34", "to_credit_card": 6, "date_stamp": "2020-02-07"}}, {"model": "budget.creditcardlineitem", "pk": 17, "fields": {"amount": "57.44", "to_credit_card": 3, "date_stamp": "2020-02-07"}}, {"model": "budget.creditcardlineitem", "pk": 18, "fields": {"amount": "655.24", "to_credit_card": 3, "date_stamp": "2020-02-08"}}, {"model": "budget.creditcardlineitem", "pk": 19, "fields": {"amount": "235.66", "to_credit_card": 5, "date_stamp": "2020-02-08"}}, {"model": "budget.creditcardlineitem", "pk": 20, "fields": {"amount": "127.22", "to_credit_card": 5, "date_stamp": "2020-01-31"}}, {"model": "budget.creditcardlineitem", "pk": 21, "fields": {"amount": "77.89", "to_credit_card": 3, "date_stamp": "2020-01-30"}}, {"model": "budget.creditcardlineitem", "pk": 22, "fields": {"amount": "89.77", "to_credit_card": 4, "date_stamp": "2020-02-06"}}, {"model": "budget.creditcardlineitem", "pk": 23, "fields": {"amount": "133.56", "to_credit_card": 5, "date_stamp": "2020-02-05"}}, {"model": "budget.creditcardlineitem", "pk": 24, "fields": {"amount": "33.56", "to_credit_card": 5, "date_stamp": "2020-02-07"}}, {"model": "budget.creditcardlineitem", "pk": 25, "fields": {"amount": "133.56", "to_credit_card": 5, "date_stamp": "2020-01-27"}}, {"model": "budget.creditcardlineitem", "pk": 26, "fields": {"amount": "200.25", "to_credit_card": 3, "date_stamp": "2020-01-23"}}, {"model": "budget.creditcardlineitem", "pk": 27, "fields": {"amount": "134.55", "to_credit_card": 4, "date_stamp": "2020-01-25"}}, {"model": "budget.creditcardlineitem", "pk": 28, "fields": {"amount": "77.25", "to_credit_card": 4, "date_stamp": "2020-01-26"}}, {"model": "budget.creditcardlineitem", "pk": 29, "fields": {"amount": "13.55", "to_credit_card": 3, "date_stamp": "2020-01-27"}}, {"model": "budget.creditcardlineitem", "pk": 30, "fields": {"amount": "9.74", "to_credit_card": 3, "date_stamp": "2020-01-29"}}, {"model": "budget.creditcardlineitem", "pk": 31, "fields": {"amount": "7.18", "to_credit_card": 3, "date_stamp": "2020-02-12"}}, {"model": "budget.creditcardlineitem", "pk": 32, "fields": {"amount": "12.40", "to_credit_card": 3, "date_stamp": "2020-02-18"}}, {"model": "budget.creditcardpayment", "pk": 1, "fields": {"amount": "287.53", "from_bank": 3, "to_credit_card": 3, "date_stamp": "2020-02-08"}}, {"model": "budget.creditcardpayment", "pk": 2, "fields": {"amount": "300.00", "from_bank": 3, "to_credit_card": 3, "date_stamp": "2020-02-08"}}, {"model": "budget.creditcardpayment", "pk": 3, "fields": {"amount": "100.00", "from_bank": 3, "to_credit_card": 3, "date_stamp": "2020-02-01"}}, {"model": "budget.creditcardpayment", "pk": 4, "fields": {"amount": "1000.00", "from_bank": 3, "to_credit_card": 3, "date_stamp": "2020-02-05"}}, {"model": "budget.creditcardpayment", "pk": 5, "fields": {"amount": "2000.00", "from_bank": 3, "to_credit_card": 3, "date_stamp": "2020-02-12"}}, {"model": "budget.creditcardpayment", "pk": 6, "fields": {"amount": "25.00", "from_bank": 5, "to_credit_card": 5, "date_stamp": "2020-01-27"}}, {"model": "budget.creditcardpayment", "pk": 7, "fields": {"amount": "25.00", "from_bank": 5, "to_credit_card": 5, "date_stamp": "2020-01-28"}}, {"model": "budget.creditcardpayment", "pk": 8, "fields": {"amount": "25.00", "from_bank": 5, "to_credit_card": 5, "date_stamp": "2020-01-29"}}, {"model": "budget.creditcardpayment", "pk": 9, "fields": {"amount": "25.00", "from_bank": 5, "to_credit_card": 5, "date_stamp": "2020-01-30"}}, {"model": "budget.creditcardpayment", "pk": 10, "fields": {"amount": "25.00", "from_bank": 5, "to_credit_card": 5, "date_stamp": "2020-01-31"}}, {"model": "budget.creditcardpayment", "pk": 11, "fields": {"amount": "25.00", "from_bank": 5, "to_credit_card": 5, "date_stamp": "2020-02-01"}}, {"model": "budget.creditcardpayment", "pk": 12, "fields": {"amount": "25.00", "from_bank": 5, "to_credit_card": 5, "date_stamp": "2020-02-02"}}, {"model": "budget.creditcardpayment", "pk": 13, "fields": {"amount": "25.00", "from_bank": 5, "to_credit_card": 5, "date_stamp": "2020-02-03"}}, {"model": "budget.creditcardpayment", "pk": 14, "fields": {"amount": "25.00", "from_bank": 5, "to_credit_card": 5, "date_stamp": "2020-02-04"}}, {"model": "budget.creditcardpayment", "pk": 15, "fields": {"amount": "25.00", "from_bank": 5, "to_credit_card": 5, "date_stamp": "2020-02-05"}}, {"model": "budget.creditcardpayment", "pk": 16, "fields": {"amount": "25.00", "from_bank": 5, "to_credit_card": 5, "date_stamp": "2020-02-06"}}, {"model": "budget.creditcardpayment", "pk": 17, "fields": {"amount": "25.00", "from_bank": 5, "to_credit_card": 5, "date_stamp": "2020-02-07"}}, {"model": "budget.creditcardpayment", "pk": 18, "fields": {"amount": "25.00", "from_bank": 5, "to_credit_card": 5, "date_stamp": "2020-02-08"}}, {"model": "budget.creditcardpayment", "pk": 19, "fields": {"amount": "25.00", "from_bank": 5, "to_credit_card": 5, "date_stamp": "2020-02-09"}}]